{
  "testEngine": {
    "name": "axe-core",
    "version": "4.10.3"
  },
  "testRunner": {
    "name": "axe"
  },
  "testEnvironment": {
    "userAgent": "Mozilla/5.0 (X11; Linux x86_64) AppleWebKit/537.36 (KHTML, like Gecko) HeadlessChrome/138.0.0.0 Safari/537.36",
    "windowWidth": 800,
    "windowHeight": 600,
    "orientationAngle": 0,
    "orientationType": "portrait-primary"
  },
  "timestamp": "2025-07-21T13:50:15.571Z",
  "url": "https://example.com/",
  "toolOptions": {
    "reporter": "v1"
  },
  "inapplicable": [
    {
      "id": "accesskeys",
      "impact": null,
      "tags": [
        "cat.keyboard",
        "best-practice"
      ],
      "description": "Ensure every accesskey attribute value is unique",
      "help": "accesskey attribute value should be unique",
      "helpUrl": "https://dequeuniversity.com/rules/axe/4.10/accesskeys?application=axeAPI",
      "nodes": []
    },
    {
      "id": "area-alt",
      "impact": null,
      "tags": [
        "cat.text-alternatives",
        "wcag2a",
        "wcag244",
        "wcag412",
        "section508",
        "section508.22.a",
        "TTv5",
        "TT6.a",
        "EN-301-549",
        "EN-9.2.4.4",
        "EN-9.4.1.2",
        "ACT"
      ],
      "description": "Ensure <area> elements of image maps have alternative text",
      "help": "Active <area> elements must have alternative text",
      "helpUrl": "https://dequeuniversity.com/rules/axe/4.10/area-alt?application=axeAPI",
      "nodes": []
    },
    {
      "id": "aria-allowed-attr",
      "impact": null,
      "tags": [
        "cat.aria",
        "wcag2a",
        "wcag412",
        "EN-301-549",
        "EN-9.4.1.2"
      ],
      "description": "Ensure an element's role supports its ARIA attributes",
      "help": "Elements must only use supported ARIA attributes",
      "helpUrl": "https://dequeuniversity.com/rules/axe/4.10/aria-allowed-attr?application=axeAPI",
      "nodes": []
    },
    {
      "id": "aria-allowed-role",
      "impact": null,
      "tags": [
        "cat.aria",
        "best-practice"
      ],
      "description": "Ensure role attribute has an appropriate value for the element",
      "help": "ARIA role should be appropriate for the element",
      "helpUrl": "https://dequeuniversity.com/rules/axe/4.10/aria-allowed-role?application=axeAPI",
      "nodes": []
    },
    {
      "id": "aria-braille-equivalent",
      "impact": null,
      "tags": [
        "cat.aria",
        "wcag2a",
        "wcag412",
        "EN-301-549",
        "EN-9.4.1.2"
      ],
      "description": "Ensure aria-braillelabel and aria-brailleroledescription have a non-braille equivalent",
      "help": "aria-braille attributes must have a non-braille equivalent",
      "helpUrl": "https://dequeuniversity.com/rules/axe/4.10/aria-braille-equivalent?application=axeAPI",
      "nodes": []
    },
    {
      "id": "aria-command-name",
      "impact": null,
      "tags": [
        "cat.aria",
        "wcag2a",
        "wcag412",
        "TTv5",
        "TT6.a",
        "EN-301-549",
        "EN-9.4.1.2",
        "ACT"
      ],
      "description": "Ensure every ARIA button, link and menuitem has an accessible name",
      "help": "ARIA commands must have an accessible name",
      "helpUrl": "https://dequeuniversity.com/rules/axe/4.10/aria-command-name?application=axeAPI",
      "nodes": []
    },
    {
      "id": "aria-conditional-attr",
      "impact": null,
      "tags": [
        "cat.aria",
        "wcag2a",
        "wcag412",
        "EN-301-549",
        "EN-9.4.1.2"
      ],
      "description": "Ensure ARIA attributes are used as described in the specification of the element's role",
      "help": "ARIA attributes must be used as specified for the element's role",
      "helpUrl": "https://dequeuniversity.com/rules/axe/4.10/aria-conditional-attr?application=axeAPI",
      "nodes": []
    },
    {
      "id": "aria-deprecated-role",
      "impact": null,
      "tags": [
        "cat.aria",
        "wcag2a",
        "wcag412",
        "EN-301-549",
        "EN-9.4.1.2"
      ],
      "description": "Ensure elements do not use deprecated roles",
      "help": "Deprecated ARIA roles must not be used",
      "helpUrl": "https://dequeuniversity.com/rules/axe/4.10/aria-deprecated-role?application=axeAPI",
      "nodes": []
    },
    {
      "id": "aria-dialog-name",
      "impact": null,
      "tags": [
        "cat.aria",
        "best-practice"
      ],
      "description": "Ensure every ARIA dialog and alertdialog node has an accessible name",
      "help": "ARIA dialog and alertdialog nodes should have an accessible name",
      "helpUrl": "https://dequeuniversity.com/rules/axe/4.10/aria-dialog-name?application=axeAPI",
      "nodes": []
    },
    {
      "id": "aria-hidden-focus",
      "impact": null,
      "tags": [
        "cat.name-role-value",
        "wcag2a",
        "wcag412",
        "TTv5",
        "TT6.a",
        "EN-301-549",
        "EN-9.4.1.2"
      ],
      "description": "Ensure aria-hidden elements are not focusable nor contain focusable elements",
      "help": "ARIA hidden element must not be focusable or contain focusable elements",
      "helpUrl": "https://dequeuniversity.com/rules/axe/4.10/aria-hidden-focus?application=axeAPI",
      "nodes": []
    },
    {
      "id": "aria-input-field-name",
      "impact": null,
      "tags": [
        "cat.aria",
        "wcag2a",
        "wcag412",
        "TTv5",
        "TT5.c",
        "EN-301-549",
        "EN-9.4.1.2",
        "ACT"
      ],
      "description": "Ensure every ARIA input field has an accessible name",
      "help": "ARIA input fields must have an accessible name",
      "helpUrl": "https://dequeuniversity.com/rules/axe/4.10/aria-input-field-name?application=axeAPI",
      "nodes": []
    },
    {
      "id": "aria-meter-name",
      "impact": null,
      "tags": [
        "cat.aria",
        "wcag2a",
        "wcag111",
        "EN-301-549",
        "EN-9.1.1.1"
      ],
      "description": "Ensure every ARIA meter node has an accessible name",
      "help": "ARIA meter nodes must have an accessible name",
      "helpUrl": "https://dequeuniversity.com/rules/axe/4.10/aria-meter-name?application=axeAPI",
      "nodes": []
    },
    {
      "id": "aria-progressbar-name",
      "impact": null,
      "tags": [
        "cat.aria",
        "wcag2a",
        "wcag111",
        "EN-301-549",
        "EN-9.1.1.1"
      ],
      "description": "Ensure every ARIA progressbar node has an accessible name",
      "help": "ARIA progressbar nodes must have an accessible name",
      "helpUrl": "https://dequeuniversity.com/rules/axe/4.10/aria-progressbar-name?application=axeAPI",
      "nodes": []
    },
    {
      "id": "aria-prohibited-attr",
      "impact": null,
      "tags": [
        "cat.aria",
        "wcag2a",
        "wcag412",
        "EN-301-549",
        "EN-9.4.1.2"
      ],
      "description": "Ensure ARIA attributes are not prohibited for an element's role",
      "help": "Elements must only use permitted ARIA attributes",
      "helpUrl": "https://dequeuniversity.com/rules/axe/4.10/aria-prohibited-attr?application=axeAPI",
      "nodes": []
    },
    {
      "id": "aria-required-attr",
      "impact": null,
      "tags": [
        "cat.aria",
        "wcag2a",
        "wcag412",
        "EN-301-549",
        "EN-9.4.1.2"
      ],
      "description": "Ensure elements with ARIA roles have all required ARIA attributes",
      "help": "Required ARIA attributes must be provided",
      "helpUrl": "https://dequeuniversity.com/rules/axe/4.10/aria-required-attr?application=axeAPI",
      "nodes": []
    },
    {
      "id": "aria-required-children",
      "impact": null,
      "tags": [
        "cat.aria",
        "wcag2a",
        "wcag131",
        "EN-301-549",
        "EN-9.1.3.1"
      ],
      "description": "Ensure elements with an ARIA role that require child roles contain them",
      "help": "Certain ARIA roles must contain particular children",
      "helpUrl": "https://dequeuniversity.com/rules/axe/4.10/aria-required-children?application=axeAPI",
      "nodes": []
    },
    {
      "id": "aria-required-parent",
      "impact": null,
      "tags": [
        "cat.aria",
        "wcag2a",
        "wcag131",
        "EN-301-549",
        "EN-9.1.3.1"
      ],
      "description": "Ensure elements with an ARIA role that require parent roles are contained by them",
      "help": "Certain ARIA roles must be contained by particular parents",
      "helpUrl": "https://dequeuniversity.com/rules/axe/4.10/aria-required-parent?application=axeAPI",
      "nodes": []
    },
    {
      "id": "aria-roles",
      "impact": null,
      "tags": [
        "cat.aria",
        "wcag2a",
        "wcag412",
        "EN-301-549",
        "EN-9.4.1.2"
      ],
      "description": "Ensure all elements with a role attribute use a valid value",
      "help": "ARIA roles used must conform to valid values",
      "helpUrl": "https://dequeuniversity.com/rules/axe/4.10/aria-roles?application=axeAPI",
      "nodes": []
    },
    {
      "id": "aria-text",
      "impact": null,
      "tags": [
        "cat.aria",
        "best-practice"
      ],
      "description": "Ensure role=\"text\" is used on elements with no focusable descendants",
      "help": "\"role=text\" should have no focusable descendants",
      "helpUrl": "https://dequeuniversity.com/rules/axe/4.10/aria-text?application=axeAPI",
      "nodes": []
    },
    {
      "id": "aria-toggle-field-name",
      "impact": null,
      "tags": [
        "cat.aria",
        "wcag2a",
        "wcag412",
        "TTv5",
        "TT5.c",
        "EN-301-549",
        "EN-9.4.1.2",
        "ACT"
      ],
      "description": "Ensure every ARIA toggle field has an accessible name",
      "help": "ARIA toggle fields must have an accessible name",
      "helpUrl": "https://dequeuniversity.com/rules/axe/4.10/aria-toggle-field-name?application=axeAPI",
      "nodes": []
    },
    {
      "id": "aria-tooltip-name",
      "impact": null,
      "tags": [
        "cat.aria",
        "wcag2a",
        "wcag412",
        "EN-301-549",
        "EN-9.4.1.2"
      ],
      "description": "Ensure every ARIA tooltip node has an accessible name",
      "help": "ARIA tooltip nodes must have an accessible name",
      "helpUrl": "https://dequeuniversity.com/rules/axe/4.10/aria-tooltip-name?application=axeAPI",
      "nodes": []
    },
    {
      "id": "aria-treeitem-name",
      "impact": null,
      "tags": [
        "cat.aria",
        "best-practice"
      ],
      "description": "Ensure every ARIA treeitem node has an accessible name",
      "help": "ARIA treeitem nodes should have an accessible name",
      "helpUrl": "https://dequeuniversity.com/rules/axe/4.10/aria-treeitem-name?application=axeAPI",
      "nodes": []
    },
    {
      "id": "aria-valid-attr-value",
      "impact": null,
      "tags": [
        "cat.aria",
        "wcag2a",
        "wcag412",
        "EN-301-549",
        "EN-9.4.1.2"
      ],
      "description": "Ensure all ARIA attributes have valid values",
      "help": "ARIA attributes must conform to valid values",
      "helpUrl": "https://dequeuniversity.com/rules/axe/4.10/aria-valid-attr-value?application=axeAPI",
      "nodes": []
    },
    {
      "id": "aria-valid-attr",
      "impact": null,
      "tags": [
        "cat.aria",
        "wcag2a",
        "wcag412",
        "EN-301-549",
        "EN-9.4.1.2"
      ],
      "description": "Ensure attributes that begin with aria- are valid ARIA attributes",
      "help": "ARIA attributes must conform to valid names",
      "helpUrl": "https://dequeuniversity.com/rules/axe/4.10/aria-valid-attr?application=axeAPI",
      "nodes": []
    },
    {
      "id": "autocomplete-valid",
      "impact": null,
      "tags": [
        "cat.forms",
        "wcag21aa",
        "wcag135",
        "EN-301-549",
        "EN-9.1.3.5",
        "ACT"
      ],
      "description": "Ensure the autocomplete attribute is correct and suitable for the form field",
      "help": "autocomplete attribute must be used correctly",
      "helpUrl": "https://dequeuniversity.com/rules/axe/4.10/autocomplete-valid?application=axeAPI",
      "nodes": []
    },
    {
      "id": "avoid-inline-spacing",
      "impact": null,
      "tags": [
        "cat.structure",
        "wcag21aa",
        "wcag1412",
        "EN-301-549",
        "EN-9.1.4.12",
        "ACT"
      ],
      "description": "Ensure that text spacing set through style attributes can be adjusted with custom stylesheets",
      "help": "Inline text spacing must be adjustable with custom stylesheets",
      "helpUrl": "https://dequeuniversity.com/rules/axe/4.10/avoid-inline-spacing?application=axeAPI",
      "nodes": []
    },
    {
      "id": "blink",
      "impact": null,
      "tags": [
        "cat.time-and-media",
        "wcag2a",
        "wcag222",
        "section508",
        "section508.22.j",
        "TTv5",
        "TT2.b",
        "EN-301-549",
        "EN-9.2.2.2"
      ],
      "description": "Ensure <blink> elements are not used",
      "help": "<blink> elements are deprecated and must not be used",
      "helpUrl": "https://dequeuniversity.com/rules/axe/4.10/blink?application=axeAPI",
      "nodes": []
    },
    {
      "id": "button-name",
      "impact": null,
      "tags": [
        "cat.name-role-value",
        "wcag2a",
        "wcag412",
        "section508",
        "section508.22.a",
        "TTv5",
        "TT6.a",
        "EN-301-549",
        "EN-9.4.1.2",
        "ACT"
      ],
      "description": "Ensure buttons have discernible text",
      "help": "Buttons must have discernible text",
      "helpUrl": "https://dequeuniversity.com/rules/axe/4.10/button-name?application=axeAPI",
      "nodes": []
    },
    {
      "id": "definition-list",
      "impact": null,
      "tags": [
        "cat.structure",
        "wcag2a",
        "wcag131",
        "EN-301-549",
        "EN-9.1.3.1"
      ],
      "description": "Ensure <dl> elements are structured correctly",
      "help": "<dl> elements must only directly contain properly-ordered <dt> and <dd> groups, <script>, <template> or <div> elements",
      "helpUrl": "https://dequeuniversity.com/rules/axe/4.10/definition-list?application=axeAPI",
      "nodes": []
    },
    {
      "id": "dlitem",
      "impact": null,
      "tags": [
        "cat.structure",
        "wcag2a",
        "wcag131",
        "EN-301-549",
        "EN-9.1.3.1"
      ],
      "description": "Ensure <dt> and <dd> elements are contained by a <dl>",
      "help": "<dt> and <dd> elements must be contained by a <dl>",
      "helpUrl": "https://dequeuniversity.com/rules/axe/4.10/dlitem?application=axeAPI",
      "nodes": []
    },
    {
      "id": "duplicate-id-aria",
      "impact": null,
      "tags": [
        "cat.parsing",
        "wcag2a",
        "wcag412",
        "EN-301-549",
        "EN-9.4.1.2"
      ],
      "description": "Ensure every id attribute value used in ARIA and in labels is unique",
      "help": "IDs used in ARIA and labels must be unique",
      "helpUrl": "https://dequeuniversity.com/rules/axe/4.10/duplicate-id-aria?application=axeAPI",
      "nodes": []
    },
    {
      "id": "empty-table-header",
      "impact": null,
      "tags": [
        "cat.name-role-value",
        "best-practice"
      ],
      "description": "Ensure table headers have discernible text",
      "help": "Table header text should not be empty",
      "helpUrl": "https://dequeuniversity.com/rules/axe/4.10/empty-table-header?application=axeAPI",
      "nodes": []
    },
    {
      "id": "form-field-multiple-labels",
      "impact": null,
      "tags": [
        "cat.forms",
        "wcag2a",
        "wcag332",
        "TTv5",
        "TT5.c",
        "EN-301-549",
        "EN-9.3.3.2"
      ],
      "description": "Ensure form field does not have multiple label elements",
      "help": "Form field must not have multiple label elements",
      "helpUrl": "https://dequeuniversity.com/rules/axe/4.10/form-field-multiple-labels?application=axeAPI",
      "nodes": []
    },
    {
      "id": "frame-focusable-content",
      "impact": null,
      "tags": [
        "cat.keyboard",
        "wcag2a",
        "wcag211",
        "TTv5",
        "TT4.a",
        "EN-301-549",
        "EN-9.2.1.1"
      ],
      "description": "Ensure <frame> and <iframe> elements with focusable content do not have tabindex=-1",
      "help": "Frames with focusable content must not have tabindex=-1",
      "helpUrl": "https://dequeuniversity.com/rules/axe/4.10/frame-focusable-content?application=axeAPI",
      "nodes": []
    },
    {
      "id": "frame-tested",
      "impact": null,
      "tags": [
        "cat.structure",
        "best-practice",
        "review-item"
      ],
      "description": "Ensure <iframe> and <frame> elements contain the axe-core script",
      "help": "Frames should be tested with axe-core",
      "helpUrl": "https://dequeuniversity.com/rules/axe/4.10/frame-tested?application=axeAPI",
      "nodes": []
    },
    {
      "id": "frame-title-unique",
      "impact": null,
      "tags": [
        "cat.text-alternatives",
        "wcag2a",
        "wcag412",
        "TTv5",
        "TT12.d",
        "EN-301-549",
        "EN-9.4.1.2"
      ],
      "description": "Ensure <iframe> and <frame> elements contain a unique title attribute",
      "help": "Frames must have a unique title attribute",
      "helpUrl": "https://dequeuniversity.com/rules/axe/4.10/frame-title-unique?application=axeAPI",
      "nodes": []
    },
    {
      "id": "frame-title",
      "impact": null,
      "tags": [
        "cat.text-alternatives",
        "wcag2a",
        "wcag412",
        "section508",
        "section508.22.i",
        "TTv5",
        "TT12.d",
        "EN-301-549",
        "EN-9.4.1.2"
      ],
      "description": "Ensure <iframe> and <frame> elements have an accessible name",
      "help": "Frames must have an accessible name",
      "helpUrl": "https://dequeuniversity.com/rules/axe/4.10/frame-title?application=axeAPI",
      "nodes": []
    },
    {
      "id": "html-lang-valid",
      "impact": null,
      "tags": [
        "cat.language",
        "wcag2a",
        "wcag311",
        "TTv5",
        "TT11.a",
        "EN-301-549",
        "EN-9.3.1.1",
        "ACT"
      ],
      "description": "Ensure the lang attribute of the <html> element has a valid value",
      "help": "<html> element must have a valid value for the lang attribute",
      "helpUrl": "https://dequeuniversity.com/rules/axe/4.10/html-lang-valid?application=axeAPI",
      "nodes": []
    },
    {
      "id": "html-xml-lang-mismatch",
      "impact": null,
      "tags": [
        "cat.language",
        "wcag2a",
        "wcag311",
        "EN-301-549",
        "EN-9.3.1.1",
        "ACT"
      ],
      "description": "Ensure that HTML elements with both valid lang and xml:lang attributes agree on the base language of the page",
      "help": "HTML elements with lang and xml:lang must have the same base language",
      "helpUrl": "https://dequeuniversity.com/rules/axe/4.10/html-xml-lang-mismatch?application=axeAPI",
      "nodes": []
    },
    {
      "id": "image-alt",
      "impact": null,
      "tags": [
        "cat.text-alternatives",
        "wcag2a",
        "wcag111",
        "section508",
        "section508.22.a",
        "TTv5",
        "TT7.a",
        "TT7.b",
        "EN-301-549",
        "EN-9.1.1.1",
        "ACT"
      ],
      "description": "Ensure <img> elements have alternative text or a role of none or presentation",
      "help": "Images must have alternative text",
      "helpUrl": "https://dequeuniversity.com/rules/axe/4.10/image-alt?application=axeAPI",
      "nodes": []
    },
    {
      "id": "image-redundant-alt",
      "impact": null,
      "tags": [
        "cat.text-alternatives",
        "best-practice"
      ],
      "description": "Ensure image alternative is not repeated as text",
      "help": "Alternative text of images should not be repeated as text",
      "helpUrl": "https://dequeuniversity.com/rules/axe/4.10/image-redundant-alt?application=axeAPI",
      "nodes": []
    },
    {
      "id": "input-button-name",
      "impact": null,
      "tags": [
        "cat.name-role-value",
        "wcag2a",
        "wcag412",
        "section508",
        "section508.22.a",
        "TTv5",
        "TT5.c",
        "EN-301-549",
        "EN-9.4.1.2",
        "ACT"
      ],
      "description": "Ensure input buttons have discernible text",
      "help": "Input buttons must have discernible text",
      "helpUrl": "https://dequeuniversity.com/rules/axe/4.10/input-button-name?application=axeAPI",
      "nodes": []
    },
    {
      "id": "input-image-alt",
      "impact": null,
      "tags": [
        "cat.text-alternatives",
        "wcag2a",
        "wcag111",
        "wcag412",
        "section508",
        "section508.22.a",
        "TTv5",
        "TT7.a",
        "EN-301-549",
        "EN-9.1.1.1",
        "EN-9.4.1.2",
        "ACT"
      ],
      "description": "Ensure <input type=\"image\"> elements have alternative text",
      "help": "Image buttons must have alternative text",
      "helpUrl": "https://dequeuniversity.com/rules/axe/4.10/input-image-alt?application=axeAPI",
      "nodes": []
    },
    {
      "id": "label-title-only",
      "impact": null,
      "tags": [
        "cat.forms",
        "best-practice"
      ],
      "description": "Ensure that every form element has a visible label and is not solely labeled using hidden labels, or the title or aria-describedby attributes",
      "help": "Form elements should have a visible label",
      "helpUrl": "https://dequeuniversity.com/rules/axe/4.10/label-title-only?application=axeAPI",
      "nodes": []
    },
    {
      "id": "label",
      "impact": null,
      "tags": [
        "cat.forms",
        "wcag2a",
        "wcag412",
        "section508",
        "section508.22.n",
        "TTv5",
        "TT5.c",
        "EN-301-549",
        "EN-9.4.1.2",
        "ACT"
      ],
      "description": "Ensure every form element has a label",
      "help": "Form elements must have labels",
      "helpUrl": "https://dequeuniversity.com/rules/axe/4.10/label?application=axeAPI",
      "nodes": []
    },
    {
      "id": "landmark-banner-is-top-level",
      "impact": null,
      "tags": [
        "cat.semantics",
        "best-practice"
      ],
      "description": "Ensure the banner landmark is at top level",
      "help": "Banner landmark should not be contained in another landmark",
      "helpUrl": "https://dequeuniversity.com/rules/axe/4.10/landmark-banner-is-top-level?application=axeAPI",
      "nodes": []
    },
    {
      "id": "landmark-complementary-is-top-level",
      "impact": null,
      "tags": [
        "cat.semantics",
        "best-practice"
      ],
      "description": "Ensure the complementary landmark or aside is at top level",
      "help": "Aside should not be contained in another landmark",
      "helpUrl": "https://dequeuniversity.com/rules/axe/4.10/landmark-complementary-is-top-level?application=axeAPI",
      "nodes": []
    },
    {
      "id": "landmark-contentinfo-is-top-level",
      "impact": null,
      "tags": [
        "cat.semantics",
        "best-practice"
      ],
      "description": "Ensure the contentinfo landmark is at top level",
      "help": "Contentinfo landmark should not be contained in another landmark",
      "helpUrl": "https://dequeuniversity.com/rules/axe/4.10/landmark-contentinfo-is-top-level?application=axeAPI",
      "nodes": []
    },
    {
      "id": "landmark-main-is-top-level",
      "impact": null,
      "tags": [
        "cat.semantics",
        "best-practice"
      ],
      "description": "Ensure the main landmark is at top level",
      "help": "Main landmark should not be contained in another landmark",
      "helpUrl": "https://dequeuniversity.com/rules/axe/4.10/landmark-main-is-top-level?application=axeAPI",
      "nodes": []
    },
    {
      "id": "landmark-no-duplicate-banner",
      "impact": null,
      "tags": [
        "cat.semantics",
        "best-practice"
      ],
      "description": "Ensure the document has at most one banner landmark",
      "help": "Document should not have more than one banner landmark",
      "helpUrl": "https://dequeuniversity.com/rules/axe/4.10/landmark-no-duplicate-banner?application=axeAPI",
      "nodes": []
    },
    {
      "id": "landmark-no-duplicate-contentinfo",
      "impact": null,
      "tags": [
        "cat.semantics",
        "best-practice"
      ],
      "description": "Ensure the document has at most one contentinfo landmark",
      "help": "Document should not have more than one contentinfo landmark",
      "helpUrl": "https://dequeuniversity.com/rules/axe/4.10/landmark-no-duplicate-contentinfo?application=axeAPI",
      "nodes": []
    },
    {
      "id": "landmark-no-duplicate-main",
      "impact": null,
      "tags": [
        "cat.semantics",
        "best-practice"
      ],
      "description": "Ensure the document has at most one main landmark",
      "help": "Document should not have more than one main landmark",
      "helpUrl": "https://dequeuniversity.com/rules/axe/4.10/landmark-no-duplicate-main?application=axeAPI",
      "nodes": []
    },
    {
      "id": "landmark-unique",
      "impact": null,
      "tags": [
        "cat.semantics",
        "best-practice"
      ],
      "description": "Ensure landmarks are unique",
      "help": "Landmarks should have a unique role or role/label/title (i.e. accessible name) combination",
      "helpUrl": "https://dequeuniversity.com/rules/axe/4.10/landmark-unique?application=axeAPI",
      "nodes": []
    },
    {
      "id": "link-in-text-block",
      "impact": null,
      "tags": [
        "cat.color",
        "wcag2a",
        "wcag141",
        "TTv5",
        "TT13.a",
        "EN-301-549",
        "EN-9.1.4.1"
      ],
      "description": "Ensure links are distinguished from surrounding text in a way that does not rely on color",
      "help": "Links must be distinguishable without relying on color",
      "helpUrl": "https://dequeuniversity.com/rules/axe/4.10/link-in-text-block?application=axeAPI",
      "nodes": []
    },
    {
      "id": "list",
      "impact": null,
      "tags": [
        "cat.structure",
        "wcag2a",
        "wcag131",
        "EN-301-549",
        "EN-9.1.3.1"
      ],
      "description": "Ensure that lists are structured correctly",
      "help": "<ul> and <ol> must only directly contain <li>, <script> or <template> elements",
      "helpUrl": "https://dequeuniversity.com/rules/axe/4.10/list?application=axeAPI",
      "nodes": []
    },
    {
      "id": "listitem",
      "impact": null,
      "tags": [
        "cat.structure",
        "wcag2a",
        "wcag131",
        "EN-301-549",
        "EN-9.1.3.1"
      ],
      "description": "Ensure <li> elements are used semantically",
      "help": "<li> elements must be contained in a <ul> or <ol>",
      "helpUrl": "https://dequeuniversity.com/rules/axe/4.10/listitem?application=axeAPI",
      "nodes": []
    },
    {
      "id": "marquee",
      "impact": null,
      "tags": [
        "cat.parsing",
        "wcag2a",
        "wcag222",
        "TTv5",
        "TT2.b",
        "EN-301-549",
        "EN-9.2.2.2"
      ],
      "description": "Ensure <marquee> elements are not used",
      "help": "<marquee> elements are deprecated and must not be used",
      "helpUrl": "https://dequeuniversity.com/rules/axe/4.10/marquee?application=axeAPI",
      "nodes": []
    },
    {
      "id": "meta-refresh",
      "impact": null,
      "tags": [
        "cat.time-and-media",
        "wcag2a",
        "wcag221",
        "TTv5",
        "TT8.a",
        "EN-301-549",
        "EN-9.2.2.1"
      ],
      "description": "Ensure <meta http-equiv=\"refresh\"> is not used for delayed refresh",
      "help": "Delayed refresh under 20 hours must not be used",
      "helpUrl": "https://dequeuniversity.com/rules/axe/4.10/meta-refresh?application=axeAPI",
      "nodes": []
    },
    {
      "id": "nested-interactive",
      "impact": null,
      "tags": [
        "cat.keyboard",
        "wcag2a",
        "wcag412",
        "TTv5",
        "TT6.a",
        "EN-301-549",
        "EN-9.4.1.2"
      ],
      "description": "Ensure interactive controls are not nested as they are not always announced by screen readers or can cause focus problems for assistive technologies",
      "help": "Interactive controls must not be nested",
      "helpUrl": "https://dequeuniversity.com/rules/axe/4.10/nested-interactive?application=axeAPI",
      "nodes": []
    },
    {
      "id": "object-alt",
      "impact": null,
      "tags": [
        "cat.text-alternatives",
        "wcag2a",
        "wcag111",
        "section508",
        "section508.22.a",
        "EN-301-549",
        "EN-9.1.1.1"
      ],
      "description": "Ensure <object> elements have alternative text",
      "help": "<object> elements must have alternative text",
      "helpUrl": "https://dequeuniversity.com/rules/axe/4.10/object-alt?application=axeAPI",
      "nodes": []
    },
    {
      "id": "presentation-role-conflict",
      "impact": null,
      "tags": [
        "cat.aria",
        "best-practice",
        "ACT"
      ],
      "description": "Elements marked as presentational should not have global ARIA or tabindex to ensure all screen readers ignore them",
      "help": "Ensure elements marked as presentational are consistently ignored",
      "helpUrl": "https://dequeuniversity.com/rules/axe/4.10/presentation-role-conflict?application=axeAPI",
      "nodes": []
    },
    {
      "id": "role-img-alt",
      "impact": null,
      "tags": [
        "cat.text-alternatives",
        "wcag2a",
        "wcag111",
        "section508",
        "section508.22.a",
        "TTv5",
        "TT7.a",
        "EN-301-549",
        "EN-9.1.1.1",
        "ACT"
      ],
      "description": "Ensure [role=\"img\"] elements have alternative text",
      "help": "[role=\"img\"] elements must have an alternative text",
      "helpUrl": "https://dequeuniversity.com/rules/axe/4.10/role-img-alt?application=axeAPI",
      "nodes": []
    },
    {
      "id": "scope-attr-valid",
      "impact": null,
      "tags": [
        "cat.tables",
        "best-practice"
      ],
      "description": "Ensure the scope attribute is used correctly on tables",
      "help": "scope attribute should be used correctly",
      "helpUrl": "https://dequeuniversity.com/rules/axe/4.10/scope-attr-valid?application=axeAPI",
      "nodes": []
    },
    {
      "id": "scrollable-region-focusable",
      "impact": null,
      "tags": [
        "cat.keyboard",
        "wcag2a",
        "wcag211",
        "wcag213",
        "TTv5",
        "TT4.a",
        "EN-301-549",
        "EN-9.2.1.1",
        "EN-9.2.1.3"
      ],
      "description": "Ensure elements that have scrollable content are accessible by keyboard",
      "help": "Scrollable region must have keyboard access",
      "helpUrl": "https://dequeuniversity.com/rules/axe/4.10/scrollable-region-focusable?application=axeAPI",
      "nodes": []
    },
    {
      "id": "select-name",
      "impact": null,
      "tags": [
        "cat.forms",
        "wcag2a",
        "wcag412",
        "section508",
        "section508.22.n",
        "TTv5",
        "TT5.c",
        "EN-301-549",
        "EN-9.4.1.2",
        "ACT"
      ],
      "description": "Ensure select element has an accessible name",
      "help": "Select element must have an accessible name",
      "helpUrl": "https://dequeuniversity.com/rules/axe/4.10/select-name?application=axeAPI",
      "nodes": []
    },
    {
      "id": "server-side-image-map",
      "impact": null,
      "tags": [
        "cat.text-alternatives",
        "wcag2a",
        "wcag211",
        "section508",
        "section508.22.f",
        "TTv5",
        "TT4.a",
        "EN-301-549",
        "EN-9.2.1.1"
      ],
      "description": "Ensure that server-side image maps are not used",
      "help": "Server-side image maps must not be used",
      "helpUrl": "https://dequeuniversity.com/rules/axe/4.10/server-side-image-map?application=axeAPI",
      "nodes": []
    },
    {
      "id": "skip-link",
      "impact": null,
      "tags": [
        "cat.keyboard",
        "best-practice"
      ],
      "description": "Ensure all skip links have a focusable target",
      "help": "The skip-link target should exist and be focusable",
      "helpUrl": "https://dequeuniversity.com/rules/axe/4.10/skip-link?application=axeAPI",
      "nodes": []
    },
    {
      "id": "summary-name",
      "impact": null,
      "tags": [
        "cat.name-role-value",
        "wcag2a",
        "wcag412",
        "section508",
        "section508.22.a",
        "TTv5",
        "TT6.a",
        "EN-301-549",
        "EN-9.4.1.2"
      ],
      "description": "Ensure summary elements have discernible text",
      "help": "Summary elements must have discernible text",
      "helpUrl": "https://dequeuniversity.com/rules/axe/4.10/summary-name?application=axeAPI",
      "nodes": []
    },
    {
      "id": "svg-img-alt",
      "impact": null,
      "tags": [
        "cat.text-alternatives",
        "wcag2a",
        "wcag111",
        "section508",
        "section508.22.a",
        "TTv5",
        "TT7.a",
        "EN-301-549",
        "EN-9.1.1.1",
        "ACT"
      ],
      "description": "Ensure <svg> elements with an img, graphics-document or graphics-symbol role have an accessible text",
      "help": "<svg> elements with an img role must have an alternative text",
      "helpUrl": "https://dequeuniversity.com/rules/axe/4.10/svg-img-alt?application=axeAPI",
      "nodes": []
    },
    {
      "id": "tabindex",
      "impact": null,
      "tags": [
        "cat.keyboard",
        "best-practice"
      ],
      "description": "Ensure tabindex attribute values are not greater than 0",
      "help": "Elements should not have tabindex greater than zero",
      "helpUrl": "https://dequeuniversity.com/rules/axe/4.10/tabindex?application=axeAPI",
      "nodes": []
    },
    {
      "id": "table-duplicate-name",
      "impact": null,
      "tags": [
        "cat.tables",
        "best-practice"
      ],
      "description": "Ensure the <caption> element does not contain the same text as the summary attribute",
      "help": "Tables should not have the same summary and caption",
      "helpUrl": "https://dequeuniversity.com/rules/axe/4.10/table-duplicate-name?application=axeAPI",
      "nodes": []
    },
    {
      "id": "td-headers-attr",
      "impact": null,
      "tags": [
        "cat.tables",
        "wcag2a",
        "wcag131",
        "section508",
        "section508.22.g",
        "TTv5",
        "TT14.b",
        "EN-301-549",
        "EN-9.1.3.1"
      ],
      "description": "Ensure that each cell in a table that uses the headers attribute refers only to other cells in that table",
      "help": "Table cells that use the headers attribute must only refer to cells in the same table",
      "helpUrl": "https://dequeuniversity.com/rules/axe/4.10/td-headers-attr?application=axeAPI",
      "nodes": []
    },
    {
      "id": "th-has-data-cells",
      "impact": null,
      "tags": [
        "cat.tables",
        "wcag2a",
        "wcag131",
        "section508",
        "section508.22.g",
        "TTv5",
        "TT14.b",
        "EN-301-549",
        "EN-9.1.3.1"
      ],
      "description": "Ensure that <th> elements and elements with role=columnheader/rowheader have data cells they describe",
      "help": "Table headers in a data table must refer to data cells",
      "helpUrl": "https://dequeuniversity.com/rules/axe/4.10/th-has-data-cells?application=axeAPI",
      "nodes": []
    },
    {
      "id": "valid-lang",
      "impact": null,
      "tags": [
        "cat.language",
        "wcag2aa",
        "wcag312",
        "TTv5",
        "TT11.b",
        "EN-301-549",
        "EN-9.3.1.2",
        "ACT"
      ],
      "description": "Ensure lang attributes have valid values",
      "help": "lang attribute must have a valid value",
      "helpUrl": "https://dequeuniversity.com/rules/axe/4.10/valid-lang?application=axeAPI",
      "nodes": []
    },
    {
      "id": "video-caption",
      "impact": null,
      "tags": [
        "cat.text-alternatives",
        "wcag2a",
        "wcag122",
        "section508",
        "section508.22.a",
        "TTv5",
        "TT17.a",
        "EN-301-549",
        "EN-9.1.2.2"
      ],
      "description": "Ensure <video> elements have captions",
      "help": "<video> elements must have captions",
      "helpUrl": "https://dequeuniversity.com/rules/axe/4.10/video-caption?application=axeAPI",
      "nodes": []
    },
    {
      "id": "no-autoplay-audio",
      "impact": null,
      "tags": [
        "cat.time-and-media",
        "wcag2a",
        "wcag142",
        "TTv5",
        "TT2.a",
        "EN-301-549",
        "EN-9.1.4.2",
        "ACT"
      ],
      "description": "Ensure <video> or <audio> elements do not autoplay audio for more than 3 seconds without a control mechanism to stop or mute the audio",
      "help": "<video> or <audio> elements must not play automatically",
      "helpUrl": "https://dequeuniversity.com/rules/axe/4.10/no-autoplay-audio?application=axeAPI",
      "nodes": []
    }
  ],
  "passes": [
    {
      "id": "aria-hidden-body",
      "impact": null,
      "tags": [
        "cat.aria",
        "wcag2a",
        "wcag131",
        "wcag412",
        "EN-301-549",
        "EN-9.1.3.1",
        "EN-9.4.1.2"
      ],
      "description": "Ensure aria-hidden=\"true\" is not present on the document body.",
      "help": "aria-hidden=\"true\" must not be present on the document body",
      "helpUrl": "https://dequeuniversity.com/rules/axe/4.10/aria-hidden-body?application=axeAPI",
      "nodes": [
        {
          "any": [
            {
              "id": "aria-hidden-body",
              "data": null,
              "relatedNodes": [],
              "impact": "critical",
              "message": "No aria-hidden attribute is present on document body"
            }
          ],
          "all": [],
          "none": [],
          "impact": null,
          "html": "<body>",
          "target": [
            "body"
          ]
        }
      ]
    },
    {
      "id": "bypass",
      "impact": null,
      "tags": [
        "cat.keyboard",
        "wcag2a",
        "wcag241",
        "section508",
        "section508.22.o",
        "TTv5",
        "TT9.a",
        "EN-301-549",
        "EN-9.2.4.1"
      ],
      "description": "Ensure each page has at least one mechanism for a user to bypass navigation and jump straight to the content",
      "help": "Page must have means to bypass repeated blocks",
      "helpUrl": "https://dequeuniversity.com/rules/axe/4.10/bypass?application=axeAPI",
      "nodes": [
        {
          "any": [
            {
              "id": "header-present",
              "data": null,
              "relatedNodes": [
                {
                  "html": "<h1>Example Domain</h1>",
                  "target": [
                    "h1"
                  ]
                }
              ],
              "impact": "serious",
              "message": "Page has a heading"
            }
          ],
          "all": [],
          "none": [],
          "impact": null,
          "html": "<html>",
          "target": [
            "html"
          ]
        }
      ]
    },
    {
      "id": "color-contrast",
      "impact": null,
      "tags": [
        "cat.color",
        "wcag2aa",
        "wcag143",
        "TTv5",
        "TT13.c",
        "EN-301-549",
        "EN-9.1.4.3",
        "ACT"
      ],
      "description": "Ensure the contrast between foreground and background colors meets WCAG 2 AA minimum contrast ratio thresholds",
      "help": "Elements must meet minimum color contrast ratio thresholds",
      "helpUrl": "https://dequeuniversity.com/rules/axe/4.10/color-contrast?application=axeAPI",
      "nodes": [
        {
          "any": [
            {
              "id": "color-contrast",
              "data": {
                "fgColor": "#000000",
                "bgColor": "#fdfdff",
                "contrastRatio": 20.67,
                "fontSize": "24.0pt (32px)",
                "fontWeight": "bold",
                "expectedContrastRatio": "3:1"
              },
              "relatedNodes": [],
              "impact": "serious",
              "message": "Element has sufficient color contrast of 20.67"
            }
          ],
          "all": [],
          "none": [],
          "impact": null,
          "html": "<h1>Example Domain</h1>",
          "target": [
            "h1"
          ]
        },
        {
          "any": [
            {
              "id": "color-contrast",
              "data": {
                "fgColor": "#000000",
                "bgColor": "#fdfdff",
                "contrastRatio": 20.67,
                "fontSize": "12.0pt (16px)",
                "fontWeight": "normal",
                "expectedContrastRatio": "4.5:1"
              },
              "relatedNodes": [],
              "impact": "serious",
              "message": "Element has sufficient color contrast of 20.67"
            }
          ],
          "all": [],
          "none": [],
          "impact": null,
          "html": "<p>This domain is for use in illustrative examples in documents. You may use this\n    domain in literature without prior coordination or asking for permission.</p>",
          "target": [
            "p:nth-child(2)"
          ]
        },
        {
          "any": [
            {
              "id": "color-contrast",
              "data": {
                "fgColor": "#38488f",
                "bgColor": "#fdfdff",
                "contrastRatio": 8.29,
                "fontSize": "12.0pt (16px)",
                "fontWeight": "normal",
                "expectedContrastRatio": "4.5:1"
              },
              "relatedNodes": [],
              "impact": "serious",
              "message": "Element has sufficient color contrast of 8.29"
            }
          ],
          "all": [],
          "none": [],
          "impact": null,
          "html": "<a href=\"https://www.iana.org/domains/example\">More information...</a>",
          "target": [
            "a"
          ]
        }
      ]
    },
    {
      "id": "document-title",
      "impact": null,
      "tags": [
        "cat.text-alternatives",
        "wcag2a",
        "wcag242",
        "TTv5",
        "TT12.a",
        "EN-301-549",
        "EN-9.2.4.2",
        "ACT"
      ],
      "description": "Ensure each HTML document contains a non-empty <title> element",
      "help": "Documents must have <title> element to aid in navigation",
      "helpUrl": "https://dequeuniversity.com/rules/axe/4.10/document-title?application=axeAPI",
      "nodes": [
        {
          "any": [
            {
              "id": "doc-has-title",
              "data": null,
              "relatedNodes": [],
              "impact": "serious",
              "message": "Document has a non-empty <title> element"
            }
          ],
          "all": [],
          "none": [],
          "impact": null,
          "html": "<html>",
          "target": [
            "html"
          ]
        }
      ]
    },
    {
      "id": "empty-heading",
      "impact": null,
      "tags": [
        "cat.name-role-value",
        "best-practice"
      ],
      "description": "Ensure headings have discernible text",
      "help": "Headings should not be empty",
      "helpUrl": "https://dequeuniversity.com/rules/axe/4.10/empty-heading?application=axeAPI",
      "nodes": [
        {
          "any": [
            {
              "id": "has-visible-text",
              "data": null,
              "relatedNodes": [],
              "impact": "minor",
              "message": "Element has text that is visible to screen readers"
            }
          ],
          "all": [],
          "none": [],
          "impact": null,
          "html": "<h1>Example Domain</h1>",
          "target": [
            "h1"
          ]
        }
      ]
    },
    {
      "id": "heading-order",
      "impact": null,
      "tags": [
        "cat.semantics",
        "best-practice"
      ],
      "description": "Ensure the order of headings is semantically correct",
      "help": "Heading levels should only increase by one",
      "helpUrl": "https://dequeuniversity.com/rules/axe/4.10/heading-order?application=axeAPI",
      "nodes": [
        {
          "any": [
            {
              "id": "heading-order",
              "data": {
                "headingOrder": [
                  {
                    "ancestry": [
                      "html > body > div > h1:nth-child(1)"
                    ],
                    "level": 1
                  }
                ]
              },
              "relatedNodes": [],
              "impact": "moderate",
              "message": "Heading order valid"
            }
          ],
          "all": [],
          "none": [],
          "impact": null,
          "html": "<h1>Example Domain</h1>",
          "target": [
            "h1"
          ]
        }
      ]
    },
    {
      "id": "link-name",
      "impact": null,
      "tags": [
        "cat.name-role-value",
        "wcag2a",
        "wcag244",
        "wcag412",
        "section508",
        "section508.22.a",
        "TTv5",
        "TT6.a",
        "EN-301-549",
        "EN-9.2.4.4",
        "EN-9.4.1.2",
        "ACT"
      ],
      "description": "Ensure links have discernible text",
      "help": "Links must have discernible text",
      "helpUrl": "https://dequeuniversity.com/rules/axe/4.10/link-name?application=axeAPI",
      "nodes": [
        {
          "any": [
            {
              "id": "has-visible-text",
              "data": null,
              "relatedNodes": [],
              "impact": "serious",
              "message": "Element has text that is visible to screen readers"
            }
          ],
          "all": [],
          "none": [
            {
              "id": "focusable-no-name",
              "data": null,
              "relatedNodes": [],
              "impact": "serious",
              "message": "Element is not in tab order or has accessible text"
            }
          ],
          "impact": null,
          "html": "<a href=\"https://www.iana.org/domains/example\">More information...</a>",
          "target": [
            "a"
          ]
        }
      ]
    },
    {
      "id": "meta-viewport-large",
      "impact": null,
      "tags": [
        "cat.sensory-and-visual-cues",
        "best-practice"
      ],
      "description": "Ensure <meta name=\"viewport\"> can scale a significant amount",
      "help": "Users should be able to zoom and scale the text up to 500%",
      "helpUrl": "https://dequeuniversity.com/rules/axe/4.10/meta-viewport-large?application=axeAPI",
      "nodes": [
        {
          "any": [
            {
              "id": "meta-viewport-large",
              "data": null,
              "relatedNodes": [],
              "impact": "minor",
              "message": "<meta> tag does not prevent significant zooming on mobile devices"
            }
          ],
          "all": [],
          "none": [],
          "impact": null,
          "html": "<meta name=\"viewport\" content=\"width=device-width, initial-scale=1\">",
          "target": [
            "meta[name=\"viewport\"]"
          ]
        }
      ]
    },
    {
      "id": "meta-viewport",
      "impact": null,
      "tags": [
        "cat.sensory-and-visual-cues",
        "wcag2aa",
        "wcag144",
        "EN-301-549",
        "EN-9.1.4.4",
        "ACT"
      ],
      "description": "Ensure <meta name=\"viewport\"> does not disable text scaling and zooming",
      "help": "Zooming and scaling must not be disabled",
      "helpUrl": "https://dequeuniversity.com/rules/axe/4.10/meta-viewport?application=axeAPI",
      "nodes": [
        {
          "any": [
            {
              "id": "meta-viewport",
              "data": null,
              "relatedNodes": [],
              "impact": "critical",
              "message": "<meta> tag does not disable zooming on mobile devices"
            }
          ],
          "all": [],
          "none": [],
          "impact": null,
          "html": "<meta name=\"viewport\" content=\"width=device-width, initial-scale=1\">",
          "target": [
            "meta[name=\"viewport\"]"
          ]
        }
      ]
    },
    {
      "id": "page-has-heading-one",
      "impact": null,
      "tags": [
        "cat.semantics",
        "best-practice"
      ],
      "description": "Ensure that the page, or at least one of its frames contains a level-one heading",
      "help": "Page should contain a level-one heading",
      "helpUrl": "https://dequeuniversity.com/rules/axe/4.10/page-has-heading-one?application=axeAPI",
      "nodes": [
        {
          "any": [],
          "all": [
            {
              "id": "page-has-heading-one",
              "data": null,
              "relatedNodes": [
                {
                  "html": "<h1>Example Domain</h1>",
                  "target": [
                    "h1"
                  ]
                }
              ],
              "impact": "moderate",
              "message": "Page has at least one level-one heading"
            }
          ],
          "none": [],
          "impact": null,
          "html": "<html>",
          "target": [
            "html"
          ]
        }
      ]
    },
    {
      "id": "region",
      "impact": "moderate",
      "tags": [
        "cat.keyboard",
        "best-practice"
      ],
      "description": "Ensure all page content is contained by landmarks",
      "help": "All page content should be contained by landmarks",
      "helpUrl": "https://dequeuniversity.com/rules/axe/4.10/region?application=axeAPI",
      "nodes": [
        {
          "any": [
            {
              "id": "region",
              "data": {
                "isIframe": false
              },
              "relatedNodes": [],
              "impact": "moderate",
              "message": "All page content is contained by landmarks"
            }
          ],
          "all": [],
          "none": [],
          "impact": null,
          "html": "<h1>Example Domain</h1>",
          "target": [
            "h1"
          ]
        },
        {
          "any": [
            {
              "id": "region",
              "data": {
                "isIframe": false
              },
              "relatedNodes": [],
              "impact": "moderate",
              "message": "All page content is contained by landmarks"
            }
          ],
          "all": [],
          "none": [],
          "impact": null,
          "html": "<p>This domain is for use in illustrative examples in documents. You may use this\n    domain in literature without prior coordination or asking for permission.</p>",
          "target": [
            "p:nth-child(2)"
          ]
        },
        {
          "any": [
            {
              "id": "region",
              "data": {
                "isIframe": false
              },
              "relatedNodes": [],
              "impact": "moderate",
              "message": "All page content is contained by landmarks"
            }
          ],
          "all": [],
          "none": [],
          "impact": null,
          "html": "<p><a href=\"https://www.iana.org/domains/example\">More information...</a></p>",
          "target": [
            "p:nth-child(3)"
          ]
        },
        {
          "any": [
            {
              "id": "region",
              "data": {
                "isIframe": false
              },
              "relatedNodes": [],
              "impact": "moderate",
              "message": "All page content is contained by landmarks"
            }
          ],
          "all": [],
          "none": [],
          "impact": null,
          "html": "<a href=\"https://www.iana.org/domains/example\">More information...</a>",
          "target": [
            "a"
          ]
        }
      ]
    }
  ],
  "incomplete": [],
  "violations": [
    {
      "id": "html-has-lang",
      "impact": "serious",
      "tags": [
        "cat.language",
        "wcag2a",
        "wcag311",
        "TTv5",
        "TT11.a",
        "EN-301-549",
        "EN-9.3.1.1",
        "ACT"
      ],
      "description": "Ensure every HTML document has a lang attribute",
      "help": "<html> element must have a lang attribute",
      "helpUrl": "https://dequeuniversity.com/rules/axe/4.10/html-has-lang?application=axeAPI",
      "nodes": [
        {
          "any": [
            {
              "id": "has-lang",
              "data": {
                "messageKey": "noLang"
              },
              "relatedNodes": [],
              "impact": "serious",
              "message": "The <html> element does not have a lang attribute"
            }
          ],
          "all": [],
          "none": [],
          "impact": "serious",
          "html": "<html>",
          "target": [
            "html"
          ],
          "failureSummary": "Fix any of the following:\n  The <html> element does not have a lang attribute"
        }
      ]
    },
    {
      "id": "landmark-one-main",
      "impact": "moderate",
      "tags": [
        "cat.semantics",
        "best-practice"
      ],
      "description": "Ensure the document has a main landmark",
      "help": "Document should have one main landmark",
      "helpUrl": "https://dequeuniversity.com/rules/axe/4.10/landmark-one-main?application=axeAPI",
      "nodes": [
        {
          "any": [],
          "all": [
            {
              "id": "page-has-main",
              "data": null,
              "relatedNodes": [],
              "impact": "moderate",
              "message": "Document does not have a main landmark"
            }
          ],
          "none": [],
          "impact": "moderate",
          "html": "<html>",
          "target": [
            "html"
          ],
          "failureSummary": "Fix all of the following:\n  Document does not have a main landmark"
        }
      ]
    },
    {
      "id": "region",
      "impact": "moderate",
      "tags": [
        "cat.keyboard",
        "best-practice"
      ],
      "description": "Ensure all page content is contained by landmarks",
      "help": "All page content should be contained by landmarks",
      "helpUrl": "https://dequeuniversity.com/rules/axe/4.10/region?application=axeAPI",
      "nodes": [
        {
          "any": [
            {
              "id": "region",
              "data": {
                "isIframe": false
              },
              "relatedNodes": [],
              "impact": "moderate",
              "message": "Some page content is not contained by landmarks"
            }
          ],
          "all": [],
          "none": [],
          "impact": "moderate",
          "html": "<div>\n    <h1>Example Domain</h1>\n    <p>This domain is for use in illustrative examples in documents. You may use this\n    domain in literature without prior coordination or asking for permission.</p>\n    <p><a href=\"https://www.iana.org/domains/example\">More information...</a></p>\n</div>",
          "target": [
            "div"
          ],
          "failureSummary": "Fix any of the following:\n  Some page content is not contained by landmarks"
        }
      ]
    }
  ]
}